Workbook

Sheet in (2)
A1: Name | B1: Location | C1: Cuisine | D1: Rating | E1: Seating Capacity | F1: Average Meal Price | G1: Marketing Budget | H1: Social Media Followers | I1: Chef Experience Years | J1: Number of Reviews | K1: Avg Review Length | L1: Ambience Score | M1: Service Quality Score | N1: Parking Availability | O1: Weekend Reservations | P1: Weekday Reservations | Q1: Revenue
A2: Restaurant 0 | B2: Rural | C2: Japanese | D2: 4 | E2: 38 | F2: 73.98 | G2: 2224 | H2: 23406 | I2: 13 | J2: 185 | K2: 161.92491 | L2: 1.3 | M2: 7 | N2: Yes | O2: 13 | P2: 4 | Q2: 638945.52
A3: Restaurant 1 | B3: Downtown | C3: Mexican | D3: 3.2 | E3: 76 | F3: 28.11 | G3: 4416 | H3: 42741 | I3: 8 | J3: 533 | K3: 148.75972 | L3: 2.6 | M3: 3.4 | N3: Yes | O3: 48 | P3: 6 | Q3: 490207.83
A4: Restaurant 2 | B4: Rural | C4: Italian | D4: 4.7 | E4: 48 | F4: 48.29 | G4: 2796 | H4: 37285 | I4: 18 | J4: 853 | K4: 56.849189 | L4: 5.3 | M4: 6.7 | N4: No | O4: 27 | P4: 14 | Q4: 541368.62
A5: Restaurant 3 | B5: Rural | C5: Italian | D5: 4.4 | E5: 34 | F5: 51.55 | G5: 1167 | H5: 15214 | I5: 13 | J5: 82 | K5: 205.43327 | L5: 4.6 | M5: 2.8 | N5: Yes | O5: 9 | P5: 17 | Q5: 404556.8
A6: Restaurant 4 | B6: Downtown | C6: Japanese | D6: 4.9 | E6: 88 | F6: 75.98 | G6: 3639 | H6: 40171 | I6: 9 | J6: 78 | K6: 241.68158 | L6: 8.6 | M6: 2.1 | N6: No | O6: 37 | P6: 26 | Q6: 1491046.4
A7: Restaurant 5 | B7: Downtown | C7: Indian | D7: 4.4 | E7: 79 | F7: 35.69 | G7: 6787 | H7: 75378 | I7: 5 | J7: 400 | K7: 247.54446 | L7: 2 | M7: 8.5 | N7: Yes | O7: 27 | P7: 22 | Q7: 644220.9
A8: Restaurant 6 | B8: Rural | C8: Mexican | D8: 4.9 | E8: 49 | F8: 35.3 | G8: 2594 | H8: 32587 | I8: 11 | J8: 106 | K8: 206.15903 | L8: 1.5 | M8: 5.3 | N8: No | O8: 12 | P8: 28 | Q8: 400348.65
A9: Restaurant 7 | B9: Suburban | C9: Japanese | D9: 4.1 | E9: 61 | F9: 73.65 | G9: 3213 | H9: 33429 | I9: 14 | J9: 377 | K9: 135.31931 | L9: 1.8 | M9: 4.6 | N9: No | O9: 56 | P9: 23 | Q9: 1014153.7
A10: Restaurant 8 | B10: Rural | C10: Japanese | D10: 4.2 | E10: 37 | F10: 73.75 | G10: 3437 | H10: 37102 | I10: 18 | J10: 494 | K10: 55.652417 | L10: 7.1 | M10: 9.4 | N10: Yes | O10: 27 | P10: 24 | Q10: 635606.1
A11: Restaurant 9 | B11: Rural | C11: French | D11: 5 | E11: 32 | F11: 59.8 | G11: 2569 | H11: 28419 | I11: 18 | J11: 907 | K11: 273.94489 | L11: 6.4 | M11: 7.4 | N11: No | O11: 12 | P11: 19 | Q11: 452920.65
A12: Restaurant 10 | B12: Rural | C12: French | D12: 4.3 | E12: 48 | F12: 59.25 | G12: 2840 | H12: 36487 | I12: 16 | J12: 520 | K12: 157.26155 | L12: 6.7 | M12: 7.1 | N12: No | O12: 16 | P12: 45 | Q12: 656474.6
A13: Restaurant 11 | B13: Rural | C13: Indian | D13: 3.1 | E13: 40 | F13: 32.11 | G13: 2792 | H13: 34058 | I13: 4 | J13: 419 | K13: 200.29386 | L13: 2.4 | M13: 2.7 | N13: No | O13: 4 | P13: 20 | Q13: 295333.14
... A8369: Restaurant 8367 | B8369: Rural | C8369: Japanese | D8369: 4 | E8369: 33 | F8369: 71.07 | G8369: 2003 | H8369: 24268 | I8369: 8 | J8369: 197 | K8369: 151.83806 | L8369: 5.9 | M8369: 7.5 | N8369: Yes | O8369: 5 | P8369: 12 | Q8369: 534142.98

Sheet Sheet4

Sheet in
A1: Name | B1: Location | C1: Cuisine | D1: Rating | E1: Seating Capacity | F1: Average Meal Price | G1: Marketing Budget | H1: Social Media Followers | I1: Ambience Score | J1: Service Quality Score | K1: Weekend Reservations | L1: Weekday Reservations | M1: Revenue
A2: Restaurant 0 | B2: Rural | C2: Japanese | D2: 4 | E2: 38 | F2: 73.98 | G2: 2224 | H2: 23406 | I2: 1.3 | J2: 7 | K2: 13 | L2: 4 | M2: 638945.52
A3: Restaurant 1 | B3: Downtown | C3: Mexican | D3: 3.2 | E3: 76 | F3: 28.11 | G3: 4416 | H3: 42741 | I3: 2.6 | J3: 3.4 | K3: 48 | L3: 6 | M3: 490207.83
A4: Restaurant 2 | B4: Rural | C4: Italian | D4: 4.7 | E4: 48 | F4: 48.29 | G4: 2796 | H4: 37285 | I4: 5.3 | J4: 6.7 | K4: 27 | L4: 14 | M4: 541368.62
A5: Restaurant 3 | B5: Rural | C5: Italian | D5: 4.4 | E5: 34 | F5: 51.55 | G5: 1167 | H5: 15214 | I5: 4.6 | J5: 2.8 | K5: 9 | L5: 17 | M5: 404556.8
A6: Restaurant 4 | B6: Downtown | C6: Japanese | D6: 4.9 | E6: 88 | F6: 75.98 | G6: 3639 | H6: 40171 | I6: 8.6 | J6: 2.1 | K6: 37 | L6: 26 | M6: 1491046.4
A7: Restaurant 5 | B7: Downtown | C7: Indian | D7: 4.4 | E7: 79 | F7: 35.69 | G7: 6787 | H7: 75378 | I7: 2 | J7: 8.5 | K7: 27 | L7: 22 | M7: 644220.9
A8: Restaurant 6 | B8: Rural | C8: Mexican | D8: 4.9 | E8: 49 | F8: 35.3 | G8: 2594 | H8: 32587 | I8: 1.5 | J8: 5.3 | K8: 12 | L8: 28 | M8: 400348.65
A9: Restaurant 7 | B9: Suburban | C9: Japanese | D9: 4.1 | E9: 61 | F9: 73.65 | G9: 3213 | H9: 33429 | I9: 1.8 | J9: 4.6 | K9: 56 | L9: 23 | M9: 1014153.7
A10: Restaurant 8 | B10: Rural | C10: Japanese | D10: 4.2 | E10: 37 | F10: 73.75 | G10: 3437 | H10: 37102 | I10: 7.1 | J10: 9.4 | K10: 27 | L10: 24 | M10: 635606.1
A11: Restaurant 9 | B11: Rural | C11: French | D11: 5 | E11: 32 | F11: 59.8 | G11: 2569 | H11: 28419 | I11: 6.4 | J11: 7.4 | K11: 12 | L11: 19 | M11: 452920.65
A12: Restaurant 10 | B12: Rural | C12: French | D12: 4.3 | E12: 48 | F12: 59.25 | G12: 2840 | H12: 36487 | I12: 6.7 | J12: 7.1 | K12: 16 | L12: 45 | M12: 656474.6
A13: Restaurant 11 | B13: Rural | C13: Indian | D13: 3.1 | E13: 40 | F13: 32.11 | G13: 2792 | H13: 34058 | I13: 2.4 | J13: 2.7 | K13: 4 | L13: 20 | M13: 295333.14
... A8369: Restaurant 8367 | B8369: Rural | C8369: Japanese | D8369: 4 | E8369: 33 | F8369: 71.07 | G8369: 2003 | H8369: 24268 | I8369: 5.9 | J8369: 7.5 | K8369: 5 | L8369: 12 | M8369: 534142.98

Sheet Insights
A1: Restaurant Performance Insights
A2: Source: 8,368 restaurants from sheet in. Sheet in (2) appears to be a duplicate and was not used. | J2: Location | K2: Avg Revenue | L2: Avg Rating | M2: Count
J3: Downtown | K3: =AVERAGEIF(in!B:B,J3,in!M:M) -> 866582.17 | L3: =AVERAGEIF(in!B:B,J3,in!D:D) -> 4.0133641 | M3: =COUNTIF(in!B:B,J3) -> 2821
A4: Restaurants | C4: Total Revenue | E4: Avg Revenue | G4: Avg Rating | J4: Suburban | K4: =AVERAGEIF(in!B:B,J4,in!M:M) -> 647049.7 | L4: =AVERAGEIF(in!B:B,J4,in!D:D) -> 3.9984201 | M4: =COUNTIF(in!B:B,J4) -> 2785
A5: =COUNTA(in!A2:A8369) -> 8368 | C5: =SUM(in!M2:M8369) -> 5.4899985e+09 | E5: =AVERAGE(in!M2:M8369) -> 656070.56 | G5: =AVERAGE(in!D2:D8369) -> 4.0082576 | J5: Rural | K5: =AVERAGEIF(in!B:B,J5,in!M:M) -> 450158.13 | L5: =AVERAGEIF(in!B:B,J5,in!D:D) -> 4.0129616 | M5: =COUNTIF(in!B:B,J5) -> 2762
A7: Avg Meal Price | C7: Avg Seating | E7: Weekend Reservations | G7: Weekday Reservations
A8: =AVERAGE(in!F2:F8369) -> 47.896659 | C8: =AVERAGE(in!E2:E8369) -> 60.212835 | E8: =SUM(in!K2:K8369) -> 246787 | G8: =SUM(in!L2:L8369) -> 244641 | J8: Cuisine | K8: Avg Revenue | L8: Avg Meal Price | M8: Avg Seating | N8: Count
J9: Japanese | K9: =AVERAGEIF(in!C:C,J9,in!M:M) -> 937969.04 | L9: =AVERAGEIF(in!C:C,J9,in!F:F) -> 70.44442 | M9: =AVERAGEIF(in!C:C,J9,in!E:E) -> 59.02381 | N9: =COUNTIF(in!C:C,J9) -> 1344
J10: French | K10: =AVERAGEIF(in!C:C,J10,in!M:M) -> 820204.11 | L10: =AVERAGEIF(in!C:C,J10,in!F:F) -> 60.543008 | M10: =AVERAGEIF(in!C:C,J10,in!E:E) -> 59.819958 | N10: =COUNTIF(in!C:C,J10) -> 1433
A11: Key insight | B11: Evidence | J11: Italian | K11: =AVERAGEIF(in!C:C,J11,in!M:M) -> 692742.39 | L11: =AVERAGEIF(in!C:C,J11,in!F:F) -> 50.345173 | M11: =AVERAGEIF(in!C:C,J11,in!E:E) -> 60.474168 | N11: =COUNTIF(in!C:C,J11) -> 1413
A12: Cuisine mix matters most for revenue levels | B12: Japanese has the highest average revenue (937,969), while Mexican is lowest (427,384). | J12: American | K12: =AVERAGEIF(in!C:C,J12,in!M:M) -> 564942.03 | L12: =AVERAGEIF(in!C:C,J12,in!F:F) -> 40.454527 | M12: =AVERAGEIF(in!C:C,J12,in!E:E) -> 60.860876 | N12: =COUNTIF(in!C:C,J12) -> 1416
A13: Location drives meaningful differences | B13: Downtown leads average revenue at 866,582, ahead of Rural at 450,158. | J13: Indian | K13: =AVERAGEIF(in!C:C,J13,in!M:M) -> 496615.72 | L13: =AVERAGEIF(in!C:C,J13,in!F:F) -> 35.49233 | M13: =AVERAGEIF(in!C:C,J13,in!E:E) -> 60.563915 | N13: =COUNTIF(in!C:C,J13) -> 1369
A14: Meal price and seating are strongest revenue signals | B14: Average Meal Price correlation with revenue: 0.69; Seating Capacity: 0.68. | J14: Mexican | K14: =AVERAGEIF(in!C:C,J14,in!M:M) -> 427383.9 | L14: =AVERAGEIF(in!C:C,J14,in!F:F) -> 30.404501 | M14: =AVERAGEIF(in!C:C,J14,in!E:E) -> 60.495334 | N14: =COUNTIF(in!C:C,J14) -> 1393
A15: Parking is not a clear revenue advantage | B15: Average revenue with parking: 655,123; without parking: 657,020.
A16: Top restaurant outlier | B16: Restaurant 4324 generated 1,531,868 revenue (Downtown, Japanese).
J17: Metric | K17: Correlation with Revenue
J18: Average Meal Price | K18: =CORREL(INDEX(in!$A$2:$M$8369,0,MATCH(J18,in!$A$1:$M$1,0)),in!$M$2:$M$8369) -> 0.68636468
J19: Seating Capacity | K19: =CORREL(INDEX(in!$A$2:$M$8369,0,MATCH(J19,in!$A$1:$M$1,0)),in!$M$2:$M$8369) -> 0.67731724
J20: Marketing Budget | K20: =CORREL(INDEX(in!$A$2:$M$8369,0,MATCH(J20,in!$A$1:$M$1,0)),in!$M$2:$M$8369) -> 0.36532205
J21: Social Media Followers | K21: =CORREL(INDEX(in!$A$2:$M$8369,0,MATCH(J21,in!$A$1:$M$1,0)),in!$M$2:$M$8369) -> 0.35446613
J22: Weekend Reservations | K22: =CORREL(INDEX(in!$A$2:$M$8369,0,MATCH(J22,in!$A$1:$M$1,0)),in!$M$2:$M$8369) -> 0.29240021
J23: Weekday Reservations | K23: =CORREL(INDEX(in!$A$2:$M$8369,0,MATCH(J23,in!$A$1:$M$1,0)),in!$M$2:$M$8369) -> 0.2732837
J24: Chef Experience Years | K24: =CORREL(INDEX(in!$A$2:$M$8369,0,MATCH(J24,in!$A$1:$M$1,0)),in!$M$2:$M$8369) -> #N/A
J25: Avg Review Length | K25: =CORREL(INDEX(in!$A$2:$M$8369,0,MATCH(J25,in!$A$1:$M$1,0)),in!$M$2:$M$8369) -> #N/A
J26: Rating | K26: =CORREL(INDEX(in!$A$2:$M$8369,0,MATCH(J26,in!$A$1:$M$1,0)),in!$M$2:$M$8369) -> 0.0098992081
J27: Number of Reviews | K27: =CORREL(INDEX(in!$A$2:$M$8369,0,MATCH(J27,in!$A$1:$M$1,0)),in!$M$2:$M$8369) -> #N/A
J28: Service Quality Score | K28: =CORREL(INDEX(in!$A$2:$M$8369,0,MATCH(J28,in!$A$1:$M$1,0)),in!$M$2:$M$8369) -> 0.0053751977
J29: Ambience Score | K29: =CORREL(INDEX(in!$A$2:$M$8369,0,MATCH(J29,in!$A$1:$M$1,0)),in!$M$2:$M$8369) -> 0.0033876395
J32: Parking Availability | K32: Avg Revenue | L32: Count
J33: No | K33: =AVERAGEIF(in!#REF!,J33,in!M:M) -> #REF! | L33: =COUNTIF(in!#REF!,J33) -> #REF!
J34: Yes | K34: =AVERAGEIF(in!#REF!,J34,in!M:M) -> #REF! | L34: =COUNTIF(in!#REF!,J34) -> #REF!
A61: What do you want to learn next?
A62: If you do not have a specific next question, try one of these:
A63: • Which cuisine/location combinations are most profitable?
A64: • Which restaurants are revenue outliers after accounting for seating and price?
A65: • Does marketing spend translate into followers or revenue?
A66: • What attributes predict high ratings versus high revenue?

Sheet Sheet1
B2: Location | C2: Average of Marketing Budget
B3: Downtown | C3: 4811.6912
B4: Rural | C4: 2395.7976
B5: Suburban | C5: 2419.8862
B6: Grand Total | C6: 3218.2549
B21: Parking Availability | C21: Sum of Revenue
B22: No | C22: 2.7456882e+09
B23: Yes | C23: 2.7443102e+09
B24: Grand Total | C24: 5.4899985e+09
A35: Location | B35: Average of Social Media Followers
A36: Downtown | B36: 52086.884
A37: Rural | B37: 28044.895
A38: Suburban | B38: 28167.333
A39: Grand Total | B39: 36190.622
A59: Average Meal Price | B59: Average of Revenue
A60: 25 | B60: 430022.97
A61: 25.04 | B61: 508601.26
A62: 25.05 | B62: 395059.4
A63: 25.06 | B63: 412785.54
A64: 25.08 | B64: 309704.98
A65: 25.09 | B65: 341730.82
A66: 25.1 | B66: 383698.45
A67: 25.11 | B67: 364263.96
A68: 25.13 | B68: 369496.85
A69: 25.14 | B69: 320157.65
A70: 25.15 | B70: 469494.85
A71: 25.17 | B71: 492606.76
... A4025: 76 | B4025: 1139597.8
A4026: Grand Total | B4026: 656070.56

Sheet Sheet2
A2: Cuisine | B2: Average of Revenue
A3: Mexican | B3: 427383.9
A4: Japanese | B4: 937969.04
A5: Italian | B5: 692742.39
A6: Indian | B6: 496615.72
A7: French | B7: 820204.11
A8: American | B8: 564942.03
A9: Grand Total | B9: 656070.56
A21: Rating | B21: Average of Revenue
A22: 3 | B22: 661818.76
A23: 3.1 | B23: 641349.61
A24: 3.2 | B24: 646048.15
A25: 3.3 | B25: 639033.52
A26: 3.4 | B26: 645976.56
A27: 3.5 | B27: 682376.77
A28: 3.6 | B28: 653311.45
A29: 3.7 | B29: 653609
A30: 3.8 | B30: 659156.91
A31: 3.9 | B31: 663066.09
A32: 4 | B32: 675815.85
A33: 4.1 | B33: 650960.61
... A42: 5 | B42: 683531.74
A43: Grand Total | B43: 656070.56
A50: Seating Capacity | B50: Sum of Revenue
A51: 30 | B51: 48744009
A52: 31 | B52: 42657413
A53: 32 | B53: 49519517
A54: 33 | B54: 44027163
A55: 34 | B55: 54453009
A56: 35 | B56: 46984693
A57: 36 | B57: 51850221
A58: 37 | B58: 52869931
A59: 38 | B59: 58828735
A60: 39 | B60: 53889687
A61: 40 | B61: 61040286
A62: 41 | B62: 62414245
... A111: 90 | B111: 1.4700206e+08
A112: Grand Total | B112: 5.4899985e+09

Sheet Sheet3
A2: Average of Revenue | B2: Location
A3: Cuisine | B3: Suburban | C3: Rural | D3: Downtown | E3: Grand Total
A4: Mexican | B4: 420847.37 | C4: 289126.1 | D4: 559981.68 | E4: 427383.9
A5: Japanese | B5: 945095.61 | C5: 638662.3 | D5: 1266208.9 | E5: 937969.04
A6: Italian | B6: 690454.64 | C6: 465204.92 | D6: 914463.9 | E6: 692742.39
A7: Indian | B7: 490938.21 | C7: 336493.07 | D7: 656502.51 | E7: 496615.72
A8: French | B8: 822684.28 | C8: 553445.16 | D8: 1094045.8 | E8: 820204.11
A9: American | B9: 555634.09 | C9: 382206.16 | D9: 737837.77 | E9: 564942.03
A10: Grand Total | B10: 647049.7 | C10: 450158.13 | D10: 866582.17 | E10: 656070.56
A22: Chef Experience Years | B22: Sum of Revenue
A23: 1 | B23: 2.7684791e+08
A24: 2 | B24: 2.7825055e+08
A25: 3 | B25: 2.8718527e+08
A26: 4 | B26: 2.982512e+08
A27: 5 | B27: 2.8528374e+08
A28: 6 | B28: 2.9644652e+08
A29: 7 | B29: 2.7296101e+08
A30: 8 | B30: 2.6800976e+08
A31: 9 | B31: 2.8821999e+08
A32: 10 | B32: 2.7722842e+08
A33: 11 | B33: 2.873666e+08
A34: 12 | B34: 3.0133034e+08
... A41: 19 | B41: 2.9828631e+08
A42: Grand Total | B42: 5.4899985e+09
A46: =CORREL("Revenue","Socail Media Followers") -> #DIV/0!
A49: Average of Revenue
A50: 656070.56
